period,통영,거제,남해
2020-12-28,12.66657,5.28729,14.07078
2021-01-04,10.11606,4.28428,11.67072
2021-01-11,13.20389,6.82762,15.91918
2021-01-18,14.59378,7.88078,18.77059
2021-01-25,16.78607,8.48975,21.79395
2021-02-01,16.83622,8.94827,24.98925
2021-02-08,19.02134,9.30649,27.63289
2021-02-15,20.06734,9.71485,28.76486
2021-02-22,25.02507,12.00745,33.57214
2021-03-01,15.91202,8.08138,26.0639
2021-03-08,19.19329,10.42412,28.60725
2021-03-15,19.1718,10.11606,29.68906
2021-03-22,19.09299,9.83665,30.36251
2021-03-29,18.41237,9.24201,31.05745
2021-04-05,22.21664,11.47012,33.68677
2021-04-12,22.45307,11.94297,36.03668
2021-04-19,23.68534,12.40149,35.29875
2021-04-26,26.70869,14.18541,37.36208
2021-05-03,27.76902,14.04212,34.56798
2021-05-10,21.98022,12.29402,32.51898
2021-05-17,23.37727,13.6051,33.29989
2021-05-24,23.36294,13.59793,33.11362
2021-05-31,24.89611,14.60811,37.73463
2021-06-07,29.06576,16.16993,43.13655
2021-06-14,33.05631,19.8739,51.76959
2021-06-21,36.03668,22.19515,56.5697
2021-06-28,34.08797,20.34675,52.2496
2021-07-05,33.95185,19.9742,50.05015
2021-07-12,34.17395,21.11334,47.27754
2021-07-19,32.92018,20.21779,47.68591
2021-07-26,40.07021,23.95758,56.20432
2021-08-02,40.28514,23.20533,55.9679
2021-08-09,34.74709,19.3724,46.25304
2021-08-16,27.87648,15.26723,34.4247
2021-08-23,25.27582,13.71973,29.98996
2021-08-30,23.40593,12.10775,29.85384
2021-09-06,24.20833,11.46296,29.14457
2021-09-13,24.82447,13.41882,29.38816
2021-09-20,26.75168,14.24989,31.26522
2021-09-27,29.5601,16.11978,36.13698
2021-10-04,33.65095,17.38787,37.93523
2021-10-11,23.56354,11.70654,27.36781
2021-10-18,23.0907,12.16506,30.69207
2021-10-25,22.66083,10.99011,29.80369
2021-11-01,25.50508,11.92147,29.55294
2021-11-08,24.12236,11.05459,28.94397
2021-11-15,22.48889,10.7107,28.07708
2021-11-22,21.21364,10.13755,26.94512
2021-11-29,19.91689,10.07307,27.59707
2021-12-06,19.53001,10.33099,27.32483
2021-12-13,18.37655,9.12021,24.18684
2021-12-20,20.23928,10.93996,26.57257
2021-12-27,21.31394,11.99312,30.23355
2022-01-03,21.5217,11.82117,31.58045
2022-01-10,25.31164,12.81702,33.17094
2022-01-17,22.67516,12.73821,32.88436
2022-01-24,24.22266,12.27253,33.88021
2022-01-31,21.5217,11.81401,32.61212
2022-02-07,18.01834,11.19787,31.17925
2022-02-14,20.18197,11.99312,36.50952
2022-02-21,23.02622,13.21106,41.47442
2022-02-28,18.06849,11.7352,38.42957
2022-03-07,17.58131,11.14056,38.93824
2022-03-14,18.68462,12.20088,39.48273
2022-03-21,19.36523,12.72388,47.70024
2022-03-28,21.04169,12.89583,53.03768
2022-04-04,25.66986,14.66542,52.90156
2022-04-11,27.90514,15.91918,51.97019
2022-04-18,29.2592,16.93652,57.82347
2022-04-25,31.18641,16.63562,62.1579
2022-05-02,32.20375,18.80641,65.49648
2022-05-09,26.9881,15.83321,58.50408
2022-05-16,28.94397,15.51798,62.50895
2022-05-23,29.8825,18.36222,67.60997
2022-05-30,38.63734,21.75096,80.87118
2022-06-06,29.27353,17.63863,67.55265
2022-06-13,30.36968,17.57415,64.62243
2022-06-20,32.09628,17.54549,62.40149
2022-06-27,33.05631,19.16463,66.7001
2022-07-04,37.5197,20.74795,69.31508
2022-07-11,39.71199,22.27396,72.54621
2022-07-18,45.0351,24.07221,87.00386
2022-07-25,54.74996,27.87648,100.0
2022-08-01,53.01619,26.80899,85.21278
2022-08-08,45.25003,25.24,72.69666
2022-08-15,34.51067,18.19028,54.32726
2022-08-22,30.49863,15.86187,48.07995
2022-08-29,20.94855,11.24802,36.50236
2022-09-05,23.28413,13.8057,33.95185
2022-09-12,24.33013,13.46181,38.39375
2022-09-19,27.23169,14.90184,39.69766
2022-09-26,32.84138,18.74194,47.24172
2022-10-03,28.50694,15.58962,37.69881
2022-10-10,19.52285,10.78951,28.06275
2022-10-17,19.1718,10.65338,30.24072
2022-10-24,18.77059,8.68319,27.05975
2022-10-31,19.43688,9.27066,26.3863
2022-11-07,18.55566,8.9411,28.05559
2022-11-14,18.59865,9.12738,27.99111
2022-11-21,18.59148,9.35664,26.31465
2022-11-28,17.94669,9.12021,23.80713
2022-12-05,21.65066,10.57458,28.30634
2022-12-12,20.08883,10.23069,25.69135
2022-12-19,19.49419,10.35248,24.6382
2022-12-26,22.21664,12.05043,30.74939
2023-01-02,22.25963,11.20504,32.87003
2023-01-09,22.59636,11.31967,34.45336
2023-01-16,21.78678,11.69221,31.79538
2023-01-23,22.30978,11.77819,31.68075
2023-01-30,24.29431,12.52328,35.16979
2023-02-06,27.46095,13.44748,38.95973
2023-02-13,26.67287,12.67373,34.47485
2023-02-20,28.92964,13.69107,36.96088
2023-02-27,22.15217,9.74351,33.04914
2023-03-06,22.33127,9.3638,33.83722
2023-03-13,22.33844,10.83249,41.43143
2023-03-20,23.61369,10.9113,42.89296
2023-03-27,23.40593,11.85699,40.02722
2023-04-03,21.61484,11.71371,39.56154
2023-04-10,24.98925,11.64923,40.25648
2023-04-17,28.31351,13.06061,42.35563
2023-04-24,32.53331,14.92334,49.62028
2023-05-01,26.95228,14.22123,42.30548
2023-05-08,26.22868,13.17524,40.11319
2023-05-15,29.02994,14.45049,41.38128
2023-05-22,34.43903,16.65711,48.94684
2023-05-29,32.23957,17.98968,45.14257
2023-06-05,29.02278,14.37168,39.93408
2023-06-12,28.44963,13.14658,35.32024
2023-06-19,28.8365,13.28986,36.05101
2023-06-26,29.00128,14.77289,35.94354
2023-07-03,33.47184,16.45651,37.67015
2023-07-10,32.80555,15.41051,34.8259
2023-07-17,34.47485,16.02665,36.93222
2023-07-24,50.15045,21.90858,50.22209
2023-07-31,49.41252,21.06318,46.1814
2023-08-07,42.5634,17.35922,36.24444
2023-08-14,32.92018,13.79853,31.77389
2023-08-21,27.87648,11.74236,28.44963
2023-08-28,26.66571,10.91846,31.47299
2023-09-04,28.16306,11.26952,31.60911
2023-09-11,23.42026,8.91245,25.4621
2023-09-18,24.48058,9.82232,25.47642
2023-09-25,36.33041,15.93351,33.60796
2023-10-02,26.14987,10.69637,25.15403
2023-10-09,21.58618,8.0169,21.14199
2023-10-16,21.73663,7.3936,20.03152
2023-10-23,22.99039,7.04972,19.54434
2023-10-30,21.62917,7.2145,19.52285
2023-11-06,21.39991,7.22166,19.14314
2023-11-13,20.41839,7.33629,17.09413
2023-11-20,19.50136,7.40077,18.14729
2023-11-27,20.60467,7.57271,19.24344
2023-12-04,22.09485,8.239,21.60051
2023-12-11,20.46854,8.26766,21.07751
2023-12-18,22.91875,9.34947,21.37125
2023-12-25,26.20002,10.33815,23.23398
2024-01-01,22.0447,9.45694,21.88708
2024-01-08,21.82261,9.01275,23.2698
2024-01-15,22.23097,9.8868,22.50322
2024-01-22,23.55638,9.91546,23.02622
2024-01-29,22.8686,9.37097,23.95042
2024-02-05,23.71399,11.44863,24.2155
2024-02-12,26.93079,11.54176,29.67473
2024-02-19,27.35348,11.84267,27.91947
2024-02-26,31.23656,12.06476,31.46582
2024-03-04,20.58317,7.95242,23.06204
2024-03-11,22.37426,8.762,24.20117
2024-03-18,23.35578,8.71901,25.763
2024-03-25,23.25548,7.85212,25.11821
2024-04-01,22.89009,8.9411,27.26751
2024-04-08,25.99942,10.49577,27.8335
2024-04-15,27.0096,10.13755,27.42513
2024-04-22,26.81616,10.96145,29.52428
2024-04-29,32.46167,13.23971,31.70941
2024-05-06,25.63404,10.82533,25.59822
2024-05-13,30.39833,12.15073,27.74036
2024-05-20,28.26336,11.30534,27.68304
2024-05-27,34.73993,13.00329,32.79839
2024-06-03,38.42241,14.25705,34.96202
2024-06-10,28.46396,11.85699,29.23771
2024-06-17,27.79051,11.64206,29.40965
2024-06-24,24.37311,9.92978,26.57973
2024-07-01,29.4813,12.41581,30.92133
2024-07-08,31.40851,13.02478,33.45751
2024-07-15,38.20747,14.70124,46.99813
2024-07-22,44.96346,17.86072,61.97162
2024-07-29,45.83034,18.4267,58.70468
2024-08-05,33.29989,14.74423,47.52829
2024-08-12,33.08496,14.33586,42.67803
2024-08-19,24.07938,10.32382,34.23842
2024-08-26,22.83278,9.41395,30.85685
2024-09-02,24.717,9.39246,29.40249
2024-09-09,28.55709,10.05874,29.52428
2024-09-16,26.75168,8.75483,26.00659
2024-09-23,26.79466,9.86531,27.82633
2024-09-30,26.91646,10.34532,25.20418
2024-10-07,22.02321,6.94941,19.05717
2024-10-14,22.9689,6.91359,18.6488
2024-10-21,29.2592,6.63418,18.11864
2024-10-28,26.43645,6.85628,17.37354
2024-11-04,23.02622,6.51239,17.09413
2024-11-11,22.92592,6.46224,17.53116
2024-11-18,22.91159,6.2688,16.22008
2024-11-25,19.1503,6.0682,15.21707
2024-12-02,18.21894,6.07536,15.23857
2024-12-09,18.11864,6.15417,17.23742
2024-12-16,17.39504,7.17867,18.51984
2024-12-23,18.59865,7.96675,20.05301
2024-12-30,17.02249,7.23599,20.59034
2025-01-06,21.3211,7.46525,25.17552
2025-01-13,22.56053,8.84797,23.95042
2025-01-20,24.69551,9.95128,25.41195
2025-01-27,21.95873,10.49577,22.70382
2025-02-03,18.46969,8.60438,21.88708
2025-02-10,19.75927,9.23484,23.87161
2025-02-17,21.69365,10.12322,26.80183
2025-02-24,22.19515,10.19487,26.3648
2025-03-03,13.53345,6.33328,19.54434
2025-03-10,15.48932,6.49806,22.13784
2025-03-17,17.46668,6.88494,24.93193
2025-03-24,14.98782,6.91359,22.06619
2025-03-31,15.1311,7.30763,24.27998
2025-04-07,17.12996,8.69035,28.48545
2025-04-14,18.76343,9.12021,28.8365
2025-04-21,20.5975,10.11606,33.70826
2025-04-28,28.49978,13.87734,38.15732
2025-05-05,15.28872,8.08138,22.9689
2025-05-12,15.26723,6.82046,21.80111
2025-05-19,17.29474,7.75182,23.69967
2025-05-26,30.61326,9.59306,28.34933
2025-06-02,29.53145,10.59607,28.2347
2025-06-09,20.21779,6.65568,21.13483
2025-06-16,19.10732,8.45393,23.03338
2025-06-23,22.80412,9.22051,26.77317
2025-06-30,27.36065,9.34231,30.52729
2025-07-07,26.53675,9.60739,32.94168
2025-07-14,26.5869,9.82948,30.69207
2025-07-21,32.40435,11.25519,37.06118
2025-07-28,33.70826,12.02177,40.85112
2025-08-04,27.52543,10.73219,37.24745
2025-08-11,34.89754,10.57458,38.26479
2025-08-18,25.00358,7.33629,31.57329
2025-08-25,20.1963,6.5912,23.59936
2025-09-01,18.73477,6.73448,24.18684
2025-09-08,18.14729,6.38343,21.29961
2025-09-15,19.49419,6.58403,21.29244
2025-09-22,17.50967,6.63418,20.53302
2025-09-29,23.18383,9.765,24.36595
2025-10-06,21.95156,8.97693,20.2966
2025-10-13,11.26952,4.12666,13.56211
2025-10-20,12.25103,4.59951,13.98481
2025-10-27,12.41581,4.95773,16.39203
2025-11-03,12.48029,4.91474,15.84037
2025-11-10,10.81816,4.30577,15.42484
2025-11-17,11.74236,4.47771,14.18541
2025-11-24,13.7054,3.91889,13.89167
2025-12-01,13.66958,3.9977,14.60811
2025-12-08,15.28155,4.55652,15.57529
2025-12-15,17.07981,4.63533,15.61111
2025-12-22,18.83507,6.08969,17.16578
2025-12-29,22.98323,6.01088,16.02665
